id,first_name,last_name
755,Anthony,Williams
183,Kimberly,White
150,Gregory,Weber
206,Michael,Grimes
652,Lisa,Taylor
538,April,Horton
661,Kent,Reed
527,Ian,Sanchez
239,Aaron,Massey
670,David,Edwards
189,Jessica,Lopez
204,Veronica,Montgomery
65,Samantha,Berry
120,Bryan,Long
534,Derek,Jackson
245,Angela,Smith
591,Victor,Smith
95,Timothy,Gilbert
135,Christina,Padilla
601,Allen,Hughes
739,Kimberly,Carney
92,Kenneth,Ortiz
282,Andrew,Huerta
887,David,Martin
60,Rick,Carlson
571,Richard,Silva
284,Kevin,Moore
812,Vanessa,Alexander
379,Katie,Gill
280,Aaron,Gardner
178,Jennifer,Tucker
113,Christian,Matthews
704,April,Kelly
561,Daniel,Alvarez
63,Emma,Sanchez
824,Tasha,Duarte
3,Lisa,Sanders
544,Kelly,Brown
694,Brian,Hudson
168,David,Parker
768,Deborah,Guerrero
194,Cheyenne,Lopez
848,Mary,Dickerson
539,Colin,Leon
155,Joseph,Dawson
341,Craig,Simpson
318,Lauren,Torres
34,Ashley,Watkins
602,Savannah,Perez
705,Thomas,Norris
140,Danielle,Adams
743,Arthur,Brown
398,Catherine,Cherry
310,Randall,Nelson
167,Joshua,Ryan
598,Ronald,Fowler
56,Ashley,Holt
5,Randy,Bell
731,Denise,Meyer
311,Maria,Santos
698,Maureen,Whitaker
360,Barbara,Mcconnell
642,Sarah,Gutierrez
118,Rita,Welch
172,Gregory,Roberts
301,Brooke,Parker
103,Robert,Smith
518,Charles,Anderson
198,Bradley,Ellis
720,Crystal,Ramirez
637,Brian,Kim
629,Julia,Robertson
664,Erin,Haney
843,Nicole,Ramirez
241,Jackson,Gonzalez
181,Troy,Anderson
522,Scott,Rojas
176,Kenneth,Roman
74,Steven,Taylor
115,Timothy,Morgan
343,Matthew,Adkins
377,Gary,Griffin
521,Sarah,Hensley
129,Miranda,Taylor
111,Sheryl,Solomon
555,Cassandra,Ellison
519,Laura,Ward
530,Michael,English
33,Tracy,Griffin
639,Gregory,Torres
876,James,Colon
773,Erica,Lam
636,Donald,Hall
16,Andrew,Meyer
656,James,Poole
607,Darrell,Flowers
290,Richard,Foster
405,Kathleen,Cohen
734,Marissa,Knight
833,Gloria,Walker
362,Chloe,Williams
308,Christopher,Harmon
552,Chad,Thomas
232,Eric,Graham
787,Barbara,Rivera
830,Julia,Jacobson
387,Valerie,Martin
735,Rodney,Newton
859,Bryan,Evans
680,Monica,Abbott
811,Amber,Sellers
690,Renee,Anderson
758,Edward,Koch
510,Gregory,Johnson
397,David,Peters
576,Danielle,Ball
610,Pamela,Hill
809,Michael,Howard
295,Michele,Smith
556,Stephen,James
884,Joseph,Miller
737,Tyler,Bennett
805,Karen,Turner
749,William,Smith
728,Thomas,Schwartz
476,Gary,Carpenter
777,Linda,Gibson
823,Peggy,Sanford
778,Kayla,Mcfarland
493,Brandon,Weiss
445,Robert,Bray
481,Makayla,Sanchez
766,Brandon,Medina
421,Donald,Miller
798,Laurie,Rich
457,William,Smith
780,Kristen,Rodriguez
450,Debbie,Dawson
423,Jacob,Marshall
449,Shelly,Bailey
465,Bryan,Andrade
492,Justin,Andrade
422,Andrea,Green
697,Elizabeth,Cox
486,Joshua,Duran
695,April,Price
863,Matthew,Anthony
678,Andrea,Mack
828,Ashley,Brown
592,Clayton,Thomas
631,Bob,Brown
877,Elizabeth,Copeland
616,Kathleen,Gonzalez
624,Karen,Hall
380,Belinda,Erickson
782,Lisa,Carr
889,Leroy,Brewer
425,Ryan,Stokes
419,Brianna,Lee
483,William,Brown
240,David,Perez
242,Daniel,Krause
730,Tom,Bailey
484,Jason,Chandler
835,Christopher,Shannon
708,Glenn,Russell
513,Kathy,Wilson
42,James,Payne
551,Matthew,Garcia
153,Jennifer,Page
605,Lisa,Brown
355,Michael,Castillo
866,Kelly,Fisher
827,Melanie,Rodriguez
222,Ann,Morales
881,Gwendolyn,Andrade
156,Crystal,Morris
337,Lisa,Yoder
244,Daniel,Mcdaniel
702,Taylor,Barnes
54,Raymond,Wolf
313,Peter,Caldwell
724,Terri,Wright
353,Lisa,Vargas
233,Jacqueline,Glenn
647,James,Smith
428,Charles,Lynch
862,Holly,Wood
772,David,Combs
740,Kevin,Ryan
529,Brian,Lewis
543,Mark,Black
677,Charles,Hunt
779,David,Warner
558,Kathleen,Murphy
393,Karen,Griffin
570,Megan,Pitts
746,Kristine,Navarro
583,Beth,Maynard
716,Karen,Johnson
473,Sarah,Parker
30,Savannah,Blackburn
665,Joshua,Morgan
79,Kevin,Roth
21,Joseph,Jennings
541,Elizabeth,Sharp
256,Brittany,Hicks
745,Eugene,Mitchell
375,Kim,Dickerson
220,Deborah,Cherry
173,Jacob,Tate
128,Beth,Tanner
8,Andrew,Carr
723,Christopher,Moyer
440,John,Martin
461,Barry,Mejia
804,Andrea,Gallagher
403,Christopher,Parker
199,Megan,Smith
374,Rodney,Weaver
611,Angela,Nielsen
147,Seth,Lambert
606,Scott,Bailey
315,Jennifer,Herring
635,Keith,Lawrence
294,David,Ward
682,Carla,Hardy
413,Sarah,Smith
456,Anthony,Martinez
119,Allison,Taylor
526,Jennifer,Espinoza
838,Heather,Gallegos
334,Jose,Nunez
333,Susan,Ryan
533,Shawn,Ward
699,Ryan,James
137,Seth,Flores
25,Jessica,Blankenship
114,Melinda,Solomon
709,Christopher,Chaney
281,Timothy,Fernandez
330,Paul,Murray
132,Wendy,Mcclain
821,Austin,Wong
324,Roy,Gutierrez
323,Kayla,Wilson
13,Lawrence,Caldwell
317,Samuel,Decker
389,Mary,Thompson
549,Peter,Johnson
783,Jeremy,Serrano
564,Johnathan,Miller
348,Julie,Manning
12,Cynthia,Davis
386,Debra,Young
505,Bradley,Harrell
882,Emma,Wyatt
142,Joshua,Thomas
816,Christopher,Huffman
209,Scott,Campbell
316,Justin,Martin
600,Scott,Robinson
721,Susan,Sheppard
399,Christy,Johnson
174,Ethan,Hill
291,Edward,Garcia
9,Anthony,Oliver
536,Jessica,Mcmillan
645,Chad,Bentley
433,Rachel,Carter
790,Dave,Hawkins
48,Lisa,Allen
644,Heather,Hopkins
78,Mary,Hernandez
763,Makayla,Bailey
364,Mark,Lucas
260,Jessica,Hoffman
648,Jacqueline,Harris
717,Christopher,Hogan
26,Amy,Summers
692,Laura,Reyes
210,Erika,Fuentes
221,Robert,Aguilar
231,Corey,Harrison
371,Daniel,Elliott
62,Timothy,Hughes
358,Thomas,Anthony
474,Stephanie,Henry
121,Robert,Moore
211,Crystal,Knapp
15,Deborah,Grant
359,Jackie,Pitts
781,Michael,Wilson
540,Jenny,Lee
770,Michelle,Wright
105,Emma,Goodwin
253,Todd,Thompson
252,Vanessa,Grimes
514,Ellen,Henderson
339,Ashley,Garza
487,Chelsea,Lee
490,Joseph,Williams
460,William,Garcia
410,Lauren,Roach
795,Jacqueline,Conner
400,Teresa,Ayala
619,Cynthia,Clarke
860,Joel,Mills
376,Alan,Bishop
604,Hayley,Smith
109,Joseph,Hernandez
874,Alexis,Schneider
17,Sean,Sanders
368,John,Pena
146,Francisco,Howell
719,Steven,Hansen
537,Nicole,Kim
302,Brianna,Clayton
459,Michelle,Sims
14,Bradley,Smith
628,Melanie,Powell
657,Frank,Harris
141,Matthew,Collins
464,Eric,Wheeler
872,David,Sims
546,Cynthia,Smith
236,Lindsay,Warner
300,Chase,James
369,James,Terry
509,Hannah,Perez
871,Matthew,Collier
875,Janet,Perez
325,Jonathan,Mosley
853,David,Pearson
125,Kimberly,Cannon
96,Cynthia,Barton
83,Valerie,Davis
729,Joseph,Ward
207,Julia,Miller
50,Catherine,Clark
800,Stacey,Ayers
205,Timothy,Hammond
248,Christine,Baxter
710,Mark,Flores
462,John,Owens
831,Natasha,Fernandez
2208,Daniel,Davis
1980,Jason,Jackson
2251,Gerald,Schwartz
2072,Allen,Gutierrez
1571,Shane,George
2105,Glenn,Woodard
1046,Christopher,Hunter
2141,Stacy,Reed
1599,Bruce,Rhodes
2218,Matthew,Hill
984,Joseph,Simmons
1568,Billy,Jones
1547,Jessica,Jones
2053,Tina,Williams
2261,Robert,Esparza
1995,Jonathan,Keller
1606,Claudia,Wood
2126,Andrea,Kelley
1556,Erin,Strong
1970,Charles,Wells
1147,Timothy,Robbins
1954,Sean,Barrett
2285,Jennifer,Ford
2173,Jeremy,Thompson
1666,Debra,Duncan
2110,William,Atkins
1095,Daniel,Franco
2056,Michelle,Perez
2099,Gavin,Weeks
1539,Chelsea,Simon
1562,Adam,Nolan
2225,Olivia,Mathis
2211,Charles,Gomez
2077,Jessica,Phillips
2185,Brandy,Jackson
1661,Walter,Ritter
2155,Brianna,Arroyo
1665,Michael,Long
1579,Katherine,Kelley
1532,Michael,Chaney
1420,Tina,Reed
1362,Melvin,Carson
2215,Joshua,Smith
2038,Taylor,Boyd
904,Sherry,Williams
1595,Patrick,Bonilla
893,Christopher,Yoder
1125,Gloria,Fox
2042,Alec,Blanchard
1049,Mary,Torres
1215,James,Lopez
1223,Brittany,Lang
2041,Ashley,Webster
985,Michele,Swanson
1113,Brittany,Lewis
976,Bobby,Sweeney
1180,Bethany,Rodriguez
1099,Cynthia,Dodson
1025,Cynthia,Mitchell
1493,Virginia,Sanchez
1001,James,Gonzalez
1075,Craig,Roberts
1146,Bradley,Brown
1040,Andrea,Castillo
1418,Madison,Huber
1416,Jessica,Jones
1168,Robert,Combs
1071,Daniel,Thomas
1311,Pamela,Mcmahon
1126,Christopher,Monroe
914,Michael,Ritter
1240,Dana,Hall
1167,Andrew,Maddox
1115,Anthony,Nelson
1048,Lauren,Smith
1111,Anthony,Smith
1042,Laura,Jones
954,Luke,Willis
2289,Zachary,Williams
1041,Catherine,Hanson
1003,Taylor,Mcintosh
1341,Jessica,Nguyen
1268,Diana,Stewart
1524,Diana,Harris
1137,Shannon,Washington
2272,Brian,Green
2277,Bruce,Dixon
947,Todd,Zimmerman
1383,William,Mccullough
1054,Jason,Young
1459,Christopher,Sullivan
2181,Michelle,Carter
2146,Michael,Jarvis
1267,Brittany,Powell
1514,Justin,Daniels
1187,Stephanie,Henderson
1222,Denise,Pineda
1952,Elizabeth,Parsons
1211,Adam,Norris
936,Michael,Hernandez
1463,Harold,Calderon
952,Terri,Williams
2165,William,Gordon
1410,Dale,Estrada
911,Jeffrey,Jordan
1391,Brandon,Rios
2117,Alyssa,Williams
922,Danielle,Middleton
1022,James,Moore
2043,Tracy,Martinez
2209,Sergio,Riggs
1308,Dan,Mathis
2111,Melinda,Livingston
999,Brian,Rodriguez
935,Jennifer,Palmer
2132,Sherri,Peterson
1085,Thomas,Gonzalez
1153,James,Miller
1026,Patrick,Jones
1302,David,Santos
1244,Julia,Shields
1237,Jasmine,Williams
2202,Sharon,Oneill
1394,Maria,Maxwell
1198,Ricardo,Jones
1408,Lisa,Wilson
1248,Adam,Webb
1188,Corey,Maxwell
990,Anthony,King
1078,Matthew,King
1197,Donald,Reeves
1149,Brandon,Martin
1189,James,Richardson
1061,Katelyn,Richards
1317,Robert,Dunn
1324,Andrew,Green
1060,James,Howard
992,Melissa,Benson
1290,Willie,Smith
1347,Steven,Webb
930,Donald,Pitts
1142,Mary,Austin
1381,Brian,King
2009,Megan,Stanton
2013,Jessica,Gray
1109,Edwin,Barrera
1335,Sandra,Watson
1343,Monica,Gonzalez
1423,Lee,Soto
1392,Brittney,Thompson
1089,Sara,Donaldson
902,Phillip,Thomas
1352,Brianna,Hardy
1233,Barbara,Hudson
885,David,Higgins
2163,Victoria,Harris
1973,Jennifer,Schwartz
2288,Jeremy,Blevins
1093,Allen,White
1269,Ryan,Lawrence
1117,Ryan,Jordan
1436,Madison,Coleman
1339,Shawn,Bennett
1301,Grace,Stewart
1441,Jerome,Murphy
1363,Audrey,Newman
1522,John,Moore
1357,Robert,Franklin
2182,Tonya,Parker
1451,Heidi,Clark
1396,Raymond,Todd
1433,Frank,James
2115,Luke,Anderson
1413,Carol,Logan
2123,Shane,Gilmore
2092,Tracy,Nguyen
2264,Melissa,Castaneda
1976,Joseph,Cole
2151,Jared,Moreno
1482,James,Hansen
1450,Suzanne,Sanchez
1978,Michael,Roy
1490,Sierra,Barrett
2109,Peter,Young
1320,Andrea,Castillo
352,Joshua,Franklin
1264,Karl,Werner
1960,Jessica,Colon
249,Vanessa,Gross
1521,Daryl,Hawkins
2057,Candice,Evans
2256,Patricia,Fox
488,Katelyn,Oconnor
1670,Kayla,Patterson
1584,Mary,Martin
1645,Melinda,Brewer
1953,Daniel,Tanner
1563,George,Ramos
2221,Kathryn,Rodriguez
1338,Julie,Taylor
1407,Kimberly,Kelly
226,Patrick,Griffin
59,Johnny,Williams
2231,Shannon,Herrera
2271,Patrick,Brown
434,Alexandria,Ramos
1657,Harold,Lee
237,Sharon,Shaw
738,Natasha,Hawkins
1608,Leah,Flores
1622,Summer,Osborne
444,Anthony,Riddle
446,Michael,Berg
1619,Jeffery,Trujillo
10,Jodi,Edwards
392,John,Owens
429,Christine,Sherman
814,Hannah,Griffith
179,Janice,Rodriguez
148,Patrick,Robles
187,Regina,Ferguson
158,Lisa,Nunez
200,Pamela,Mercado
855,Jennifer,Miller
139,Carl,Randall
732,Elizabeth,Tucker
857,Timothy,Montoya
436,Joshua,Diaz
86,Cody,Hill
754,Marcus,Taylor
774,Steven,Robinson
306,Benjamin,Hill
1013,Anthony,Sanders
1202,Daniel,Harris
1951,Whitney,Wagner
1517,Ian,Clark
2184,Timothy,Monroe
1611,Susan,Taylor
278,Jacob,Castaneda
1515,Sara,Jackson
2064,Emily,Powers
1417,Marcus,Harmon
957,Martin,Elliott
961,Steven,Nunez
1330,Ronald,Castillo
1367,Justin,Marshall
910,Patrick,Anderson
188,Timothy,Patterson
2174,Lori,Hill
1303,Angela,Keller
2169,Chelsea,Brown
1299,Timothy,Clarke
265,Sabrina,West
2008,Jesse,Johnson
2059,Lindsey,Stewart
956,Kimberly,Martinez
2197,Kevin,Snyder
2071,Richard,Cantu
2189,James,Greene
761,Michelle,Johnson
1979,Brian,Mason
920,Christian,Smith
1356,Regina,Nichols
2205,William,Ross
2241,Joshua,Massey
2014,James,Mccarty
1404,Dennis,Jackson
370,Amber,Newman
1496,Alexander,Murray
1045,Jennifer,Sheppard
1254,Latasha,Harris
873,Ronald,Wade
224,Kelsey,Phillips
1182,Richard,Campbell
1467,Kimberly,Smith
2230,Stacy,Bass
1546,Jacob,Perez
1658,Nathan,Wood
471,Stephanie,Rodriguez
525,Jonathan,Clayton
580,George,Sexton
612,Theresa,Coleman
507,Brooke,Brooks
579,Richard,Cline
585,Joseph,Suarez
646,William,Wagner
663,Sydney,Ramos
594,Steven,Sanders
668,Anthony,Perez
161,Sharon,Perry
1868,Kendra,Morrison
1810,Vincent,Burns
1852,Sharon,Taylor
1916,Shannon,Jacobs
1860,Lucas,Harris
1912,Mark,Vargas
1933,Daniel,Friedman
1769,Joel,Smith
1945,Catherine,Weiss
1893,Stephanie,Bell
1897,Lisa,Taylor
1858,Dean,Gray
1722,Scott,Cook
1816,Alison,Brown
1950,Melanie,Nash
1792,Zachary,Ruiz
1730,Lori,Glover
1842,Casey,Mclaughlin
1761,Stacey,Torres
1851,Rachel,Sherman
1778,Janet,Hernandez
1834,Jeremy,Cox
1828,Tracey,Russo
1700,Jacob,Mccarthy
1717,Sandra,Mata
1695,Andrea,Jacobs
1708,Kim,Edwards
1930,Austin,Donaldson
1832,Stephanie,Fisher
1777,Sara,Gray
1691,Margaret,Combs
1808,Duane,Howell
1944,Jerry,Estrada
1759,Nicholas,Meyers
1874,Andrea,Sosa
1864,Rebecca,Thomas
1830,Jeffrey,Jones
1774,Kenneth,Newman
1800,Patricia,Jones
1905,Blake,Hall
1921,Ashley,Greene
1749,Sabrina,Eaton
1679,Lindsay,Newton
1686,Pamela,Sullivan
1736,Joanne,Berry
1687,Michael,Reynolds
1849,Bonnie,Jefferson
1379,Alicia,Scott
915,Wesley,Jensen
626,Karen,Sherman
651,Nicole,Guerrero
578,Scott,Franklin
569,Angela,Washington
622,John,Horton
640,Jacob,Alexander
388,Michael,Figueroa
1693,Juan,West
1718,Morgan,Myers
1813,Dalton,Smith
1809,Allison,Fisher
1886,Peter,Shaffer
1796,Rachel,Huang
1752,Edward,Peterson
1838,Brian,Merritt
1784,Paul,Knight
1715,Nicole,Rodgers
1786,Joseph,Powers
1894,Cassidy,Russell
1935,Jessica,Mendoza
1891,Amy,Miller
1050,Christine,Lutz
994,Veronica,Ryan
1386,Margaret,Ward
1683,Jason,Schmidt
1911,Jonathan,Harding
1922,Amanda,Gallegos
1512,Yolanda,Lewis
1764,Lorraine,Brandt
2200,Paul,Peterson
1503,Justin,Maxwell
1811,Cynthia,Brown
659,Kelsey,Baker
2044,Jimmy,Barry
1506,Trevor,Lara
1689,Michelle,Washington
988,Miguel,Perez
489,Daniel,Ross
1558,Samuel,Cannon
2001,Eric,Foster
1609,Emily,Dixon
2223,Megan,Simmons
674,Leah,Parker
2148,Kenneth,Miles
2259,Kristina,Sullivan
88,Theresa,Greene
1178,Justin,Davis
1020,Scott,Church
1444,Arthur,Foster
384,Shannon,Thompson
1384,Robert,Pope
2193,Valerie,Daniels
1519,Antonio,Vance
2018,Dana,Walker
1164,Nicole,Murray
1150,Robert,Brooks
24,Vincent,Anderson
1928,Joseph,Brown
1006,Derek,Gonzalez
2166,Gregory,Harris
1819,Jimmy,Alvarez
1520,Harry,Martinez
1053,Erika,Wright
1709,Sheri,Perry
1400,Andrew,Joseph
1545,Shannon,Perez
251,Greg,Tanner
1704,Stephen,Swanson
1127,Susan,Collins
1376,Lisa,Reed
1086,Steven,Russell
1741,Stephen,Martin
856,Daniel,Cordova
84,Jerry,Meyer
1855,Tamara,Phelps
1785,Lisa,Vincent
1867,Jacob,Kennedy
1962,Brandon,Rogers
1843,Catherine,Beck
2176,Joshua,Simmons
1672,Sheila,Perez
933,Pamela,Huang
416,Eric,Chase
1638,Janice,Williams
1616,Julie,Tanner
1594,Michael,Ritter
2116,Mary,Hutchinson
2027,Emma,Morales
7,Jared,Greene
1027,Steven,Luna
1121,Nathan,Brown
1300,Denise,Hancock
1738,Morgan,Pope
1080,Dawn,Clark
2138,Jennifer,Lee
1166,Michael,Taylor
2233,Maria,Crawford
1877,William,Woods
1409,Steven,Morgan
1322,Megan,Maxwell
2140,Stacey,Williams
1070,Madison,Moore
2007,Matthew,Kim
1039,Vicki,Baker
1307,Karen,Williams
485,Kaitlyn,Smith
700,Amanda,Mitchell
837,Amy,Walker
1591,Jessica,Young
1631,Thomas,Orr
671,Kristen,Koch
908,Martha,Young
2100,Lisa,Whitehead
1483,Vickie,Carter
1680,Anthony,Vincent
1265,Brittany,Conner
1977,Lori,Wallace
2275,Latasha,Estrada
1230,Timothy,Mcgee
1221,Zachary,Kaiser
701,Mark,Carrillo
593,Michael,Black
2091,Chad,Jackson
2136,Cameron,Stewart
1185,Steven,Camacho
2262,Jennifer,Garner
1173,Barbara,Sloan
1904,Tyler,Williams
1643,Karen,Escobar
1597,Veronica,Rodriguez
1200,Vanessa,Kelly
810,Michele,Reyes
196,Taylor,Kirby
1252,Louis,Mckinney
1949,Andrew,Rivera
1405,Elizabeth,Pittman
1370,Catherine,Mclaughlin
993,Edward,Reed
1119,Holly,Lynch
575,Autumn,Lynch
1212,Kelly,Hughes
684,Tiffany,James
1875,Michael,Smith
1937,Walter,Bright
1925,Courtney,Guzman
1618,Mark,Martinez
1992,Melissa,Young
503,Julie,Garcia
1101,George,Robinson
981,Melinda,Harris
965,Ashley,Singleton
1358,Michael,Monroe
1209,Jamie,Hamilton
192,Kimberly,Shaw
1353,Carlos,Wheeler
1887,Zachary,Pena
1871,Aaron,Obrien
978,Jeremy,Mendez
1942,David,Bell
1999,Debbie,Rodriguez
104,James,Hernandez
1862,Morgan,Carey
1884,Diana,Mills
1669,John,Hays
2065,Tammy,Bennett
1996,Jack,Alvarado
1966,Kelly,Glass
175,Ashley,Mcintyre
535,James,Mayer
1726,Charles,Jackson
1473,Timothy,Farley
2084,Tyler,Lucas
1870,Melissa,Mayer
2074,Terri,Elliott
1401,Ashley,Sparks
1289,Emily,Castillo
1453,Jessica,Garcia
2063,April,Sanchez
1120,Kaylee,Garcia
587,Steven,Price
511,Jermaine,Guzman
2156,Melissa,Cox
1191,Lindsey,Barry
1615,Joshua,Vasquez
1641,Stephanie,Thompson
2060,Michelle,Ray
29,Dennis,Payne
1881,Robert,Davis
1228,Shaun,Archer
1309,Lucas,Mitchell
2159,Amanda,Boyd
943,Angela,Gardner
1762,Stephanie,Gilmore
2096,Daniel,Clark
1892,Travis,Snyder
1245,Olivia,Duarte
271,Martha,Collins
2010,James,Jenkins
1518,Adam,Day
1757,Patrick,Brown
2067,Misty,Johnson
2051,Douglas,Barnett
559,Kevin,Jacobs
27,Samuel,Meyer
1831,Vernon,Herman
1270,Robert,Ramirez
1837,George,Pope
643,Brian,Oconnor
1425,Amanda,Morrison
2217,Elizabeth,Mcmahon
2004,Karen,Gardner
1398,Richard,Cantu
1747,Kevin,Ross
32,Mary,Mahoney
1675,Shawn,Hale
1623,Emily,Sanders
1144,Julie,Davis
1746,Michael,Good
1169,Rhonda,Bennett
1833,Stephen,Moore
2081,Sean,Johnson
1059,James,Molina
71,Joseph,Smith
1224,Deanna,Adams
2281,Joanna,Nunez
1964,Megan,Durham
447,Catherine,Snyder
1598,Todd,Jones
1266,Elizabeth,Olson
275,Jessica,Aguilar
1465,Kimberly,Gonzalez
2283,Karen,Kane
1390,Kenneth,Ali
969,Sarah,Thomas
1133,Spencer,Moore
841,Nicole,Moore
1735,Brandon,Bailey
1106,Hannah,Meza
2224,Justin,Martin
903,Amanda,Evans
597,Meghan,Haney
1974,Mary,Ellison
2293,Laurie,Combs
1351,John,Bailey
1313,Bradley,Mitchell
435,Destiny,Davis
1564,Sara,Stafford
1621,Kenneth,Mclaughlin
418,Jonathan,Torres
1207,Lori,Kemp
1033,Lauren,Brooks
1504,Bethany,Waller
402,Frank,Woods
951,Austin,Williams
970,Kelly,Jackson
1475,Elizabeth,Phillips
1488,Mary,Mccall
46,Denise,Ortega
1114,Diana,Juarez
1847,Adam,Ward
1306,Madison,Carroll
75,Jennifer,Snyder
1280,Michael,Jacobson
991,James,Rivera
1375,Michele,Padilla
2180,Kiara,Nguyen
1846,Jeffrey,Roberts
1448,Tina,Sharp
1337,Emily,Olson
937,Jackie,Gallegos
1744,Bryan,Anderson
1132,Douglas,Taylor
193,Dawn,Rhodes
406,Christopher,Pierce
11,Erin,Garza
1378,Michael,Cooke
1388,Christina,Rodriguez
1681,Gordon,Mueller
983,Elizabeth,Elliott
1889,Melissa,Middleton
1271,Patricia,Flores
2263,Erin,Ramirez
1293,Amanda,Herrera
2214,Veronica,James
1642,Jonathan,Snow
2023,Norma,Watson
2167,Tammy,Allen
1195,Brenda,Bridges
1346,Rebecca,Obrien
2133,Sarah,Sherman
912,Jason,Mcdonald
2021,Jimmy,Mitchell
1163,Juan,Burgess
1554,Carol,Rose
441,Matthew,Lucero
1630,Paige,Hughes
1637,Christopher,Richardson
2095,Brandon,Dunn
1582,Kim,Santana
1278,Ian,Ashley
1913,Jason,Harvey
921,Sarah,Holder
1957,John,Frazier
1526,Richard,Bailey
2198,Donna,Cobb
1888,Patrick,Johnson
1997,Tiffany,Lopez
1056,Troy,Cuevas
1721,Sean,Alexander
1247,Alyssa,Wilson
1186,Kelly,Woods
1096,Kathryn,Davis
967,Stephen,Morgan
1124,Mikayla,Sawyer
1946,Brian,Stewart
1555,Gregory,Estrada
1682,Alexandra,Oneill
2168,Melissa,Molina
1678,Gabriel,Christensen
1445,Kelly,Phillips
2088,John,Rodriguez
1110,Scott,Garcia
1036,Sarah,Harris
1775,Jennifer,Mendoza
1323,Kathy,Peterson
1098,Joseph,Page
1906,Gregory,King
2048,Jason,Black
918,Christopher,Warner
1501,Tina,Murphy
1610,Erik,Leblanc
1787,Chris,Robinson
1232,Tara,Snyder
1155,Joshua,Schultz
1684,Charles,Liu
1294,Gary,Murphy
2243,Christopher,Little
1795,Kevin,Ross
1130,Dawn,Cook
1287,Katelyn,Simpson
2032,Kevin,Murphy
1543,Craig,Fields
1435,David,Pruitt
2006,Anthony,West
1857,Alan,Dean
2188,Jennifer,Barton
1650,Brianna,Caldwell
2161,Jennifer,Webb
1043,Craig,Miller
1183,Joshua,Gardner
1990,James,Robinson
1286,Meagan,Hunt
1829,Lorraine,Rose
2016,Kelly,Brown
1492,Timothy,Sparks
1068,Madison,Elliott
1896,Steven,Harvey
1789,Alexander,Moore
1667,Margaret,Mills
1548,Allison,Hoffman
1648,Teresa,Drake
1538,Holly,Reynolds
2212,Kimberly,Jones
1161,Michael,Robinson
1818,Alexandra,Robinson
1505,Catherine,Williams
2234,Megan,Hodge
1958,Darlene,Wilson
1561,Robert,Blair
1427,Taylor,Johnson
2134,James,Waller
1437,Andrew,Snyder
934,Joseph,Wilson
1754,Jeremy,Simpson
1968,Christine,Mejia
1196,Joanne,Mercado
941,Billy,Hodges
932,Christopher,Stephens
1462,Michael,Reynolds
1402,Matthew,Adams
1536,Tracey,Solomon
1566,Megan,Edwards
1537,Eric,Bennett
1773,Tanya,Brewer
1803,Billy,White
1742,Steven,Young
1530,Jimmy,Perry
1102,Valerie,Richardson
1570,James,Grant
1827,Michael,Hammond
1699,Danielle,Little
2143,Samuel,Woods
1077,Ryan,Jordan
1613,Danielle,Schultz
1601,Michael,Anderson
1620,Lydia,Evans
1342,Melissa,Moses
2019,Elizabeth,Hall
2070,Amber,Moore
1931,Karen,Morgan
1740,Rachel,Campos
1044,Mary,Mcconnell
1967,Laurie,Daniels
1821,Kyle,Rich
2242,Jeremy,Porter
1331,Brooke,Sanders
1574,Angela,Diaz
2280,Johnny,Baxter
1624,Mary,Jones
2094,Candice,Robinson
1103,Heather,Bernard
1975,Rachel,Powers
1983,Natalie,Lozano
1461,Jasmine,Patterson
958,Derrick,Braun
928,Julie,Castro
1918,Robin,Smith
1066,Walter,Johnson
1447,Anthony,Harrison
1184,Roberto,Harrell
1580,Marc,Hall
2296,Tammy,Arnold
1152,Melissa,Jackson
2147,Daniel,Klein
1123,Julie,Carr
1491,Andrea,Rowe
1706,Ian,Bryan
1440,Lisa,Ward
1055,Matthew,Odom
1656,Roberta,Lopez
2245,Wendy,Salazar
1364,David,Baker
1523,Jessica,Anderson
2124,Tyler,Haynes
996,Jacqueline,Jimenez
1627,Jason,Matthews
2106,Patrick,Roberts
1565,Brian,Bishop
1023,Larry,Davis
2034,Eric,Cannon
1750,Thomas,Gomez
1208,Brianna,Johnson
1692,Anna,Garcia
1998,Renee,Boyer
1052,Alyssa,Jones
1430,Austin,Hicks
1885,Susan,Vance
1869,Eduardo,Hernandez
1007,Anna,Barrera
1596,Diane,Wright
2066,Cynthia,Chan
2087,Juan,Nelson
2207,Jamie,Davis
1516,Luis,Meyer
2248,John,Schroeder
2028,Roger,Brown
907,David,Bell
1581,Melissa,Vincent
925,Sierra,Gallegos
975,Mark,Rodriguez
1214,Michael,Underwood
1431,Deborah,Morgan
2073,Jessica,Nichols
3449,Mary,Stewart
3250,Brian,Green
2956,Shelly,Murray
2870,Christine,Frost
2866,Stephen,Page
2957,Heather,Stewart
2497,Nancy,Berry
3472,Erica,Gonzalez
2895,Melanie,Sanchez
3417,Gloria,Pearson
2863,Kathryn,Alvarado
3241,Tammy,Saunders
2715,Nancy,Smith
2932,Lynn,Brandt
2927,Madison,Wilson
3395,Jasmine,Phillips
2590,Lucas,Ferrell
3224,Patricia,Escobar
2926,Todd,Gross
3490,Taylor,Kennedy
3474,Bailey,Jones
3209,Erica,Brown
2929,Alexis,Harrison
3478,Nicole,Lopez
3211,Casey,Jacobs
3353,Michaela,Martin
3310,Stephanie,Lynn
3289,Tina,Farmer
2861,Kenneth,Smith
3320,Diane,Brown
2557,Jeffrey,Roberson
2938,Stephanie,Gaines
3240,Nathan,Nguyen
3202,Kimberly,Johnson
3311,Kara,Sanders
3292,Christine,Price
3230,Colleen,Murphy
2952,Cameron,Michael
2910,Megan,Garrett
3446,Christopher,Brown
2514,Xavier,Lee
2855,Ronald,Mitchell
3304,Brittany,Evans
3246,Brooke,Smith
3272,Marie,Baker
3264,Lori,Duarte
2946,Courtney,Brock
2406,Alisha,Diaz
2382,Johnny,Villanueva
2600,Christopher,Wilkins
2311,Dustin,Oliver
2536,Leah,Carter
2830,Christopher,Ibarra
2319,John,Alexander
2484,Alexander,Torres
2459,Mary,Joseph
2567,Tiffany,Johnson
2389,Kelly,Foster
2648,Kaylee,Daugherty
2808,Sarah,Warren
2834,Amanda,Torres
2358,Christy,Solis
2639,Robert,Baldwin
2733,Kevin,Jones
2701,Laura,Wallace
2543,Benjamin,Garcia
2377,Cassandra,Suarez
2737,Michele,Shelton
3465,Lisa,Dillon
2638,Cindy,Khan
2540,Corey,Fisher
2661,Kelsey,Garcia
2371,Tracy,Clay
3213,Daniel,Bird
2609,Todd,Randolph
2390,Jean,Leon
2327,Cody,Perez
3455,Emily,Buck
2315,Carlos,Mann
2392,Mark,Figueroa
2330,Timothy,Pugh
2657,Lauren,Wood
2400,David,Mercado
2365,Roger,Nelson
2671,Christina,Lee
2528,John,Hall
3432,Shelby,Cook
2469,Ricky,Stafford
2317,Ryan,Williams
3218,Tracy,Ryan
2307,Sarah,Fowler
2620,Zachary,Carrillo
2580,Margaret,Freeman
3327,Darin,Anderson
2436,Anthony,Foster
3480,Rachel,Campbell
2554,Michael,Ferguson
2539,Michael,Anderson
2333,Brian,Waller
2653,John,Green
2348,Lindsay,Kim
2547,Michael,Howard
2314,Rachel,Gibson
2593,Juan,Taylor
2672,Amanda,Price
2369,Timothy,Duffy
2509,Mary,Stephenson
2483,Samantha,Chen
2811,Ryan,Green
2741,Janet,Miller
2373,Joshua,Long
2309,Tiffany,Jones
2677,John,Porter
2766,Jeff,Thompson
2626,Joseph,Harding
2696,Matthew,Anderson
2494,Scott,Best
3293,Matthew,Fischer
2519,Phillip,Humphrey
2537,Dustin,Davis
2397,Sheila,Arellano
2433,Angela,Payne
3235,Emily,Davis
2707,Laura,Dalton
2734,Brandon,Garcia
2607,David,Gibbs
3481,Mary,Sharp
2676,Patricia,Navarro
2748,Alexander,Hancock
2416,Lisa,Cantu
2615,Arthur,Rose
3383,Rebecca,Hammond
2628,Elizabeth,Alvarez
3493,Jennifer,Hanna
3438,Cody,Fleming
2633,Theresa,Savage
3457,Jacqueline,Bridges
2698,Daniel,Wells
3253,Hannah,Wolfe
2817,Ashley,Davis
3352,Joel,Frey
3491,Rodney,Griffith
3404,Samuel,Johnson
2819,Jodi,Edwards
2802,Angelica,Gallagher
2772,Kathryn,Myers
3435,Roy,Barry
3344,Roger,Gutierrez
2622,Allison,Wilson
3231,Veronica,Patel
3411,Matthew,Frazier
2682,Mike,Barrera
2670,Angela,Perry
3282,Ann,Cross
3260,Joshua,Hutchinson
3313,Heather,Morris
3322,Gregory,Santiago
2867,James,Ortiz
2953,Lori,Downs
2872,David,Anderson
3299,Donna,Mckinney
2880,Maria,Ryan
2848,Joseph,Miller
2901,Veronica,Reid
4394,Nancy,Berry
3754,Jasmine,Atkinson
3666,Linda,Mathews
3735,Brian,Johnson
3693,Devon,Miller
3630,James,Walker
3941,Eugene,Anderson
3638,Sarah,Jones
4364,Felicia,Watts
4370,Chloe,Clark
3621,Angela,Swanson
3512,Taylor,Romero
3583,Christopher,Evans
4538,Steven,Chan
4558,Erika,Kaufman
3502,Cynthia,Campbell
3738,Patricia,Hamilton
3752,Martha,Hall
3869,Dylan,Davis
3765,Linda,Davis
4356,Brian,Herrera
4381,Denise,Townsend
4546,Benjamin,Brown
3760,Todd,Nicholson
3660,Amanda,Smith
3548,James,Payne
3922,Audrey,Shaw
3937,Michelle,Welch
3565,Stephanie,Mendez
3503,James,Elliott
3921,Jennifer,Arnold
3768,Allison,Miller
3873,Gerald,Paul
3674,Denise,Todd
3801,Jacob,Davis
3603,Manuel,Olsen
3652,Kathleen,Morris
3533,Joe,White
3793,Emily,Harris
3775,Bryan,Molina
4524,Ernest,Burton
4541,Tyler,Delgado
3870,Ryan,Jones
3564,Jeffrey,Wheeler
4348,Renee,Raymond
3918,Elizabeth,Reed
3773,Kimberly,Shaw
4594,Cynthia,Morris
4422,Kayla,Smith
3695,Matthew,Stewart
3576,Patrick,Norton
3958,Angela,Taylor
3516,John,Thomas
3848,Alyssa,Santiago
3975,Laura,Stevens
3729,Shaun,Ortiz
3581,Jennifer,Rodriguez
3606,Brandi,Martin
4335,Michael,Hess
3779,Christopher,Tanner
3514,Karen,Taylor
4568,Peggy,Russell
3538,Shawn,Shepherd
3967,Carolyn,Martin
3589,Lindsay,Le
3534,Megan,Baker
3953,Amy,Mendez
3517,Joel,Williams
4461,Katherine,Miller
3720,Alejandra,Alvarez
4511,Stacy,King
2818,Kelly,Kennedy
2760,Joshua,King
3796,Joseph,Browning
3930,Roger,Rodriguez
4415,Kyle,Powell
4346,Mark,Martin
3867,Leslie,Swanson
4572,Carolyn,Ball
4599,Andrea,Robinson
4485,Brenda,Smith
3947,Matthew,Robertson
3959,Samuel,Zimmerman
4592,Trevor,Perkins
4465,George,Thompson
3789,Johnny,Rivers
4593,Kenneth,Freeman
3875,Rachel,Johnson
4386,Nathaniel,Ramirez
4517,Austin,Adams
3884,Lauren,Chen
3900,Wendy,Henry
3910,Michelle,White
4412,Cameron,Mitchell
4450,Alec,Williams
3889,Christine,Tanner
4500,Javier,Parsons
3966,Kim,White
3943,Zachary,Perry
4586,Dustin,Walker
2816,Mary,Cook
4404,Sally,Garcia
4518,Barbara,Dixon
3925,Austin,Adams
3973,Mary,Morales
4407,Brandon,Dickerson
3832,Jeffrey,Crosby
4467,Richard,Griffith
4431,Kimberly,Gomez
3954,Joseph,Simpson
4565,April,Johnson
2882,Jose,Sims
2857,Teresa,Pierce
4031,Juan,Cole
4020,Jennifer,Johns
4027,Bethany,Parsons
4512,Courtney,Bell
4037,Molly,Valdez
4091,Kathleen,Davis
4017,Lisa,Fowler
4018,David,Avery
4068,Jennifer,Christian
4045,Levi,Reese
4007,Lance,Higgins
4040,Timothy,Allison
4001,Caitlyn,Edwards
4564,Cheryl,Hall
4039,Kathleen,Mccarty
4085,Nancy,Good
4025,Denise,Holloway
4072,Henry,Richards
4466,Peter,Thomas
4460,Tara,Russell
4006,Jennifer,Castillo
4079,Cheryl,Santana
4070,Vanessa,Stout
2745,Justin,Stephenson
3807,Phillip,Stark
3792,Anne,Smith
4476,Maria,Davidson
3797,Christian,Marshall
3961,Micheal,Allen
4024,Nancy,Reyes
4069,Susan,Hunter
4005,Caitlin,Smith
4011,Jessica,Bryant
4097,John,Johnson
4043,Paul,Cooke
4090,Nancy,Knight
4092,Joshua,Mcconnell
3916,Paul,Wood
1698,Dawn,Cabrera
2998,Carrie,Roberts
3126,Elizabeth,Parker
2970,Mark,Stewart
3185,Diane,Lambert
3174,Timothy,Pacheco
3177,Sarah,Benitez
3121,Richard,Fisher
3098,Rachel,Richards
3112,Emma,Conley
3036,Alexandra,Mejia
3145,Douglas,Fowler
3125,Kevin,Walker
2972,Katie,Johnson
2995,Paul,Jones
2991,Pamela,Campbell
3062,Theresa,Henderson
3029,Matthew,Sanchez
3136,Angela,Duran
3190,Krystal,Burton
3014,Thomas,Franklin
3117,Donna,Watson
2994,Shawn,Hernandez
3025,Paula,Vaughn
3116,Lindsey,Lucero
3083,Robert,Clark
2987,Stephanie,Jordan
3000,Justin,Powell
3047,John,Bell
4228,Julie,Butler
4308,Joseph,Oconnor
4284,Jon,Hill
4182,Diane,Yu
4318,Sonia,Jones
4263,Jill,Neal
4170,Jonathan,Smith
4177,Andrew,Mann
4285,Mary,Young
4260,Ashley,Morgan
4237,Richard,Anderson
4233,Gail,Little
4271,Tiffany,Wilkerson
4132,Christopher,Clay
4269,Wendy,Roy
4252,Yolanda,Garcia
4172,Jason,Perry
4279,Katelyn,Hall
4201,Kim,Hernandez
4115,Ann,Rollins
4133,Jonathan,Neal
4131,Mark,Wang
4145,Kelly,Rogers
4119,Joseph,Galloway
4194,Alfred,Calderon
4309,Jennifer,Johns
4277,Jared,Smith
4267,Donna,Lane
4275,Robert,Page
4120,William,Andrade
4240,Lisa,Fox
4224,Heather,Lucas
4169,Jasmine,Thomas
4313,Laura,Washington
4315,Andrew,Rivera
4142,David,Moody
4278,Olivia,Murphy
4297,Michael,Wright
4150,Mark,Walton
4188,James,Martinez
4261,Kimberly,Douglas
1710,Colin,Barber
3005,Eric,Rubio
3198,Christopher,Moore
3011,Sabrina,David
2963,John,Flores
3030,Leslie,Flores
3154,Melinda,Perez
2767,Marisa,Hammond
3097,Amber,Kirby
3004,Victoria,Tapia
3015,Lisa,Paul
3053,Katrina,Gallagher
4241,Kayla,Bowman
4299,Richard,Barber
4146,Bradley,Henderson
4306,Nancy,Delgado
4148,Jacob,Thompson
4287,Michael,Martin
1856,Xavier,Yates
3143,Erin,Harrington
3056,Veronica,Carpenter
3181,Ashley,Miller
3118,Jordan,Mcdonald
2968,Molly,Johnson
4293,Gregory,Martin
4253,Lisa,Hawkins
4235,Darren,Thompson
3195,Kathryn,Crawford
3069,Michael,Mason
3115,Elizabeth,Austin
4033,William,Nolan
4026,Lisa,Tate
4053,Keith,Murphy
4134,Michelle,Klein
4256,Stephanie,Cantrell
3130,David,Goodwin
3339,Amy,Smith
2544,Melanie,Guzman
2730,Jeremy,Smith
2463,Charles,Knight
2478,Kayla,Soto
2553,Tammy,Cantrell
3367,Clinton,Wright
2488,Natalie,Cummings
2966,Thomas,Coffey
2563,Christopher,Alvarado
2479,April,Wells
2408,Carol,Johnson
3279,Mary,Nelson
2664,Ryan,Browning
2421,Jennifer,Walker
3234,Sarah,Reynolds
2965,Felicia,Scott
3194,Ashley,Callahan
2729,Jason,Brown
3307,Scott,Foster
2679,Angie,Benson
2678,Latasha,Oconnell
2441,Timothy,Williams
3160,Travis,Andrews
2940,Zachary,Lozano
3635,Leah,Johnson
2807,Jimmy,Davis
2971,Justin,Martin
2423,Catherine,Lynch
3247,Jose,Kane
2521,Patrick,Jefferson
3456,Amber,Evans
4151,Robert,Smith
4320,Matthew,Sheppard
4451,Ronnie,Jones
3737,Alyssa,Maldonado
2993,Leslie,Nguyen
3467,Lisa,Waters
2732,Jessica,Mason
3070,Daniel,Lee
3357,Melissa,Murphy
4362,Christopher,Baker
3733,Victoria,Floyd
3616,David,James
2444,April,Evans
4264,Christian,Gutierrez
4283,John,Pierce
3579,Sean,Johnson
3239,Samantha,Bennett
3526,Kenneth,Wright
4392,Thomas,Jimenez
2305,Jay,Hampton
3347,Sarah,Serrano
4425,John,French
3746,Kyle,Robinson
3697,Lisa,Gomez
2955,Bobby,Khan
2885,Tony,Warren
2842,Lisa,Thomas
3988,Whitney,Collins
2904,Debra,West
3331,Jennifer,Patrick
4446,Jamie,Salazar
4089,Robert,Duncan
3997,Kristina,Reeves
2432,Marilyn,Shaffer
4301,Danielle,Caldwell
4377,Kelli,Campbell
3690,Ashley,Torres
3405,Christina,White
2720,Angela,Miller
3356,Margaret,Contreras
2372,Jessica,Brown
2832,Linda,Williams
3106,Tara,Morgan
4111,Denise,Clark
3103,Christine,Warner
2662,Joshua,Lopez
4395,Melissa,Cox
4372,Jody,Johnson
4294,Alison,Scott
3372,Bradley,Cohen
4106,Lori,Davis
4385,Tonya,West
3300,Laura,Smith
3110,Gary,Hunter
2535,Cynthia,Anderson
3045,Roberta,Hernandez
4288,Charles,Ellis
4403,Michael,Andrews
4551,Samuel,Montoya
4416,Cody,Thompson
2928,Richard,Cook
2919,Harold,Mitchell
4048,Sheena,Brown
4291,Jason,Bean
3100,Lisa,Ellison
2357,Sandra,Webb
2829,Brooke,Snow
2354,John,Freeman
2793,Rebecca,Gomez
4557,Jennifer,Rivera
3717,Brenda,Rose
4186,Jerome,Taylor
4588,Kyle,Martin
2800,Robert,Parker
3168,Danielle,Thompson
3392,Christopher,Weaver
3397,Jeffrey,Brown
4218,Emily,Moore
4494,Angela,Quinn
3319,Robert,Alexander
3452,Susan,Williams
4295,Zachary,Smith
4576,Christina,Lopez
2318,Jasmine,Fernandez
2582,Darryl,Smith
2612,Shawn,Chambers
4221,James,Anderson
4144,Brian,Wheeler
3669,Darren,Miller
2781,Austin,Wheeler
3667,Frederick,Baker
4251,Luis,Santos
2909,Colleen,Downs
2893,Olivia,Bentley
4341,Brian,Nguyen
2859,Donna,Jordan
4078,Savannah,Cervantes
2813,Keith,West
2430,Laura,Lawson
2527,Jonathan,Oconnor
3033,Amanda,Smith
2654,Molly,Cabrera
2342,Christina,Jones
3814,Sara,Scott
3795,Nicole,Freeman
3784,Jocelyn,Smith
3077,Michelle,Evans
3342,Brandon,Clark
3817,Brandon,Vargas
2828,Michael,Cunningham
2485,Brandy,Farmer
3270,Benjamin,Morris
2837,Jacob,Vazquez
4550,Sandra,Barnett
4135,Mary,White
3885,Larry,Anderson
3761,Joseph,Sweeney
2705,Mitchell,Garcia
2343,Raymond,Gentry
2322,Hailey,Patton
4474,James,Cervantes
4481,Shannon,Fletcher
3753,Christopher,Garner
3785,Lisa,Campbell
4035,Justin,Conner
3935,Daniel,Turner
3437,Laurie,Woodard
2851,Michael,Burke
3429,Daniel,Brown
2560,Sarah,Hudson
2815,Gabrielle,Smith
3851,William,Martinez
3948,Jeffrey,Carter
3979,Rachel,Smith
3716,Cheryl,Rogers
2725,Amanda,Brown
3277,Candace,Cabrera
3346,Michael,Cox
4561,Brandon,Mcbride
3529,Brian,Robinson
4274,Rodney,Rogers
3334,Mary,Williams
2325,Nicole,Grant
4121,Alexander,Noble
3487,Harold,Villegas
3577,Kimberly,Love
3337,Kayla,Crawford
3470,Lisa,Marshall
4084,Linda,Kelly
4004,Richard,Ritter
4545,Miranda,Richardson
2858,Sherry,Le
3302,Linda,Taylor
4067,Lance,Thornton
3008,Christian,Ritter
3901,Sandra,Odom
4167,Lisa,Cunningham
3510,Randy,Newton
3946,Cathy,Baldwin
3677,Tricia,Sullivan
3694,Robert,Wolf
3736,Eric,Sloan
3276,Johnny,Jimenez
3463,Donald,Harris
2328,Andrew,Glover
2805,Curtis,Cook
3780,Jesse,Casey
3043,William,Nichols
3124,Danny,Novak
2379,Jasmine,Nguyen
3915,Nicole,Anderson
3676,Paul,Hobbs
2753,Lauren,Wilson
2681,Michael,Miller
3928,Thomas,Salinas
4477,Emma,Gutierrez
3133,Melanie,Williams
2455,Emily,Rodriguez
3782,Melody,Lewis
3864,Jerry,Frost
2643,Jeffrey,Rivers
4054,Brittany,Salazar
3627,Kathleen,Oliver
2602,Mark,Ellis
3094,William,Barnes
3068,Carlos,Watts
2508,David,Berry
2774,Nancy,Smith
2751,Victoria,Case
3938,Daniel,Miller
4181,Anita,Castillo
3569,Brooke,Barr
4292,Eric,Garcia
2693,Misty,Price
2558,Christopher,Alvarez
2574,John,Thomas
3863,Anita,Rodriguez
4382,Gregory,Miller
3909,William,Alvarado
2409,Sandra,Alexander
3201,Kimberly,Stanton
3155,Ryan,Boyd
2559,Lance,Nichols
4426,William,Jensen
3679,Kevin,Cruz
4387,Rebecca,Reed
4307,Jacqueline,Mccullough
2418,Caitlin,Mitchell
3486,Lori,Hull
4534,Sara,Martinez
3586,Lauren,Carroll
4082,Matthew,Williams
3523,Justin,Stephens
4065,Christopher,Skinner
3221,Kathryn,Davis
2529,Erica,Morris
2775,Thomas,Rivera
3134,Tammy,Carr
3912,Daniel,Moreno
3368,Kendra,Duran
2752,Justin,Wade
4143,John,Richardson
3498,Valerie,Wang
2395,Andrew,Newton
4302,Thomas,Johnson
3597,Andrew,Frye
3032,Wendy,Gordon
2304,Evan,Vance
4338,David,Kaiser
3495,Julia,White
2652,John,Anthony
3654,Christy,Leach
2925,Ralph,Miller
4074,Joseph,Armstrong
4009,Lance,Whitney
4424,Samantha,Cruz
4223,Nicholas,Garcia
2393,Cynthia,Austin
2522,Patricia,Sanchez
2746,Andrew,Campbell
2617,Vincent,Raymond
3892,Jorge,Cain
3528,Joe,Fowler
3550,Alec,Bennett
3626,Hannah,James
2988,Tricia,Murphy
3461,Jacob,Lucas
3897,Thomas,Ayers
3557,Michael,Turner
4553,Ashley,Gutierrez
4393,Robert,Johnson
2473,Joshua,Peck
2690,Matthew,Cruz
4486,Gina,Boyd
3747,Donna,Phillips
